{"cameraMode":{"drawMode":0,"name":"Shaded","section":"Shading Mode"},"sceneLighting":true,"audioPlay":false,"sceneViewState":{"showFog":false,"showMaterialUpdate":false,"showSkybox":false,"showFlares":false,"showImageEffects":true,"showParticleSystems":true},"in2DMode":false,"pivot":{"x":826.376953125,"y":485.72857666015627,"z":-148.9859619140625},"rotation":{"x":-0.08270291984081269,"y":0.017037957906723024,"z":-0.0014140817802399397,"w":-0.9964276552200317},"size":1547.1641845703125,"orthographic":false}