{"cameraMode":{"drawMode":0,"name":"Shaded","section":"Shading Mode"},"sceneLighting":false,"audioPlay":false,"sceneViewState":{"showFog":true,"showMaterialUpdate":false,"showSkybox":true,"showFlares":true,"showImageEffects":true,"showParticleSystems":true},"in2DMode":false,"pivot":{"x":0.0,"y":1.2173446416854859,"z":4.499999523162842},"rotation":{"x":0.18807460367679597,"y":-0.09940381348133087,"z":-0.019137023016810418,"w":-0.9769240617752075},"size":10.213265419006348,"orthographic":false}