{"cameraMode":{"drawMode":0,"name":"Shaded","section":"Shading Mode"},"sceneLighting":false,"audioPlay":false,"sceneViewState":{"showFog":true,"showMaterialUpdate":false,"showSkybox":true,"showFlares":true,"showImageEffects":true,"showParticleSystems":true},"in2DMode":false,"pivot":{"x":8.22309398651123,"y":1.0524183511734009,"z":-4.790040493011475},"rotation":{"x":0.0857573077082634,"y":-0.8547059297561646,"z":0.14970789849758149,"w":0.4896029531955719},"size":3.1877601146698,"orthographic":false}