{"cameraMode":{"drawMode":0,"name":"Shaded","section":"Shading Mode"},"sceneLighting":false,"audioPlay":false,"sceneViewState":{"showFog":true,"showMaterialUpdate":false,"showSkybox":true,"showFlares":true,"showImageEffects":true,"showParticleSystems":true},"in2DMode":false,"pivot":{"x":-9.094947017729282e-13,"y":2.384185791015625e-7,"z":-3.725290298461914e-9},"rotation":{"x":0.4618655741214752,"y":-0.5364903807640076,"z":0.46996983885765078,"w":0.5272444486618042},"size":22.0,"orthographic":false}